-- MySQL dump 10.13  Distrib 8.0.29, for Win64 (x86_64)
--
-- Host: localhost    Database: appsalon_mvc
-- ------------------------------------------------------
-- Server version	8.0.29

/*!40101 SET @OLD_CHARACTER_SET_CLIENT=@@CHARACTER_SET_CLIENT */;
/*!40101 SET @OLD_CHARACTER_SET_RESULTS=@@CHARACTER_SET_RESULTS */;
/*!40101 SET @OLD_COLLATION_CONNECTION=@@COLLATION_CONNECTION */;
/*!50503 SET NAMES utf8 */;
/*!40103 SET @OLD_TIME_ZONE=@@TIME_ZONE */;
/*!40103 SET TIME_ZONE='+00:00' */;
/*!40014 SET @OLD_UNIQUE_CHECKS=@@UNIQUE_CHECKS, UNIQUE_CHECKS=0 */;
/*!40014 SET @OLD_FOREIGN_KEY_CHECKS=@@FOREIGN_KEY_CHECKS, FOREIGN_KEY_CHECKS=0 */;
/*!40101 SET @OLD_SQL_MODE=@@SQL_MODE, SQL_MODE='NO_AUTO_VALUE_ON_ZERO' */;
/*!40111 SET @OLD_SQL_NOTES=@@SQL_NOTES, SQL_NOTES=0 */;

--
-- Table structure for table `citas`
--

DROP TABLE IF EXISTS `citas`;
/*!40101 SET @saved_cs_client     = @@character_set_client */;
/*!50503 SET character_set_client = utf8mb4 */;
CREATE TABLE `citas` (
  `id` int NOT NULL AUTO_INCREMENT,
  `fecha` date DEFAULT NULL,
  `hora` time DEFAULT NULL,
  `usuarioId` int DEFAULT NULL,
  PRIMARY KEY (`id`),
  KEY `usuarioId_idx` (`usuarioId`),
  CONSTRAINT `usuarioId` FOREIGN KEY (`usuarioId`) REFERENCES `usuarios` (`id`) ON DELETE SET NULL ON UPDATE SET NULL
) ENGINE=InnoDB AUTO_INCREMENT=33 DEFAULT CHARSET=utf8mb3;
/*!40101 SET character_set_client = @saved_cs_client */;

--
-- Dumping data for table `citas`
--

LOCK TABLES `citas` WRITE;
/*!40000 ALTER TABLE `citas` DISABLE KEYS */;
INSERT INTO `citas` VALUES (32,'2022-12-02','10:00:00',4);
/*!40000 ALTER TABLE `citas` ENABLE KEYS */;
UNLOCK TABLES;

--
-- Table structure for table `citasservicios`
--

DROP TABLE IF EXISTS `citasservicios`;
/*!40101 SET @saved_cs_client     = @@character_set_client */;
/*!50503 SET character_set_client = utf8mb4 */;
CREATE TABLE `citasservicios` (
  `id` int NOT NULL AUTO_INCREMENT,
  `citaId` int DEFAULT NULL,
  `servicioId` int DEFAULT NULL,
  PRIMARY KEY (`id`),
  KEY `citasId_idx` (`citaId`),
  KEY `usuarioId_idx` (`servicioId`),
  CONSTRAINT `citaId` FOREIGN KEY (`citaId`) REFERENCES `citas` (`id`) ON DELETE SET NULL ON UPDATE SET NULL,
  CONSTRAINT `servicioId` FOREIGN KEY (`servicioId`) REFERENCES `servicios` (`id`) ON DELETE SET NULL ON UPDATE SET NULL
) ENGINE=InnoDB AUTO_INCREMENT=12 DEFAULT CHARSET=utf8mb3 COLLATE=utf8_bin;
/*!40101 SET character_set_client = @saved_cs_client */;

--
-- Dumping data for table `citasservicios`
--

LOCK TABLES `citasservicios` WRITE;
/*!40000 ALTER TABLE `citasservicios` DISABLE KEYS */;
INSERT INTO `citasservicios` VALUES (1,NULL,9),(2,NULL,10),(3,NULL,2),(4,NULL,1),(5,NULL,2),(6,NULL,4),(7,NULL,1),(8,NULL,2),(9,32,11),(10,32,10),(11,32,9);
/*!40000 ALTER TABLE `citasservicios` ENABLE KEYS */;
UNLOCK TABLES;

--
-- Table structure for table `servicios`
--

DROP TABLE IF EXISTS `servicios`;
/*!40101 SET @saved_cs_client     = @@character_set_client */;
/*!50503 SET character_set_client = utf8mb4 */;
CREATE TABLE `servicios` (
  `id` int NOT NULL AUTO_INCREMENT,
  `nombre` varchar(60) DEFAULT NULL,
  `precio` decimal(5,2) DEFAULT NULL,
  PRIMARY KEY (`id`)
) ENGINE=InnoDB AUTO_INCREMENT=20 DEFAULT CHARSET=utf8mb3;
/*!40101 SET character_set_client = @saved_cs_client */;

--
-- Dumping data for table `servicios`
--

LOCK TABLES `servicios` WRITE;
/*!40000 ALTER TABLE `servicios` DISABLE KEYS */;
INSERT INTO `servicios` VALUES (1,'Corte de Cabello Mujer',90.00),(2,'Corte de Cabello de Hombre',80.00),(4,' Tinte de Cabello',120.00),(9,'Peinado de Mujer',80.00),(10,'Peinado de Hombre',60.00),(11,'Peinado Niño',60.00),(12,'Corte de Barba',60.00),(13,'Tinte Mujer',300.00),(14,'Uñas',400.00),(15,'Lavado de Cabello',50.00);
/*!40000 ALTER TABLE `servicios` ENABLE KEYS */;
UNLOCK TABLES;

--
-- Table structure for table `usuarios`
--

DROP TABLE IF EXISTS `usuarios`;
/*!40101 SET @saved_cs_client     = @@character_set_client */;
/*!50503 SET character_set_client = utf8mb4 */;
CREATE TABLE `usuarios` (
  `id` int NOT NULL AUTO_INCREMENT,
  `nombre` varchar(60) DEFAULT NULL,
  `apellido` varchar(60) DEFAULT NULL,
  `email` varchar(30) DEFAULT NULL,
  `password` varchar(60) DEFAULT NULL,
  `telefono` varchar(10) DEFAULT NULL,
  `admin` tinyint(1) DEFAULT NULL,
  `confirmado` tinyint(1) DEFAULT NULL,
  `token` varchar(15) DEFAULT NULL,
  PRIMARY KEY (`id`)
) ENGINE=InnoDB AUTO_INCREMENT=5 DEFAULT CHARSET=utf8mb3;
/*!40101 SET character_set_client = @saved_cs_client */;

--
-- Dumping data for table `usuarios`
--

LOCK TABLES `usuarios` WRITE;
/*!40000 ALTER TABLE `usuarios` DISABLE KEYS */;
INSERT INTO `usuarios` VALUES (3,' Diego ','Abarca','abarcarodriguezdiego@gmail.com','$2y$10$htTyveBFJnyNjDY9QavUqeLV6DlNm6j2Jbkum9V7IS.K3As5KHEf6','4451235597',1,1,''),(4,' Juan Jose','Abarca','correo@correo.com','$2y$10$Qn3S3TPsZbOHidMSlOIwjOwoUKTyiXdTGaEGA6Vj/NkT2XMz9bzRG','1234567899',0,1,'62ee19174aefa ');
/*!40000 ALTER TABLE `usuarios` ENABLE KEYS */;
UNLOCK TABLES;
/*!40103 SET TIME_ZONE=@OLD_TIME_ZONE */;

/*!40101 SET SQL_MODE=@OLD_SQL_MODE */;
/*!40014 SET FOREIGN_KEY_CHECKS=@OLD_FOREIGN_KEY_CHECKS */;
/*!40014 SET UNIQUE_CHECKS=@OLD_UNIQUE_CHECKS */;
/*!40101 SET CHARACTER_SET_CLIENT=@OLD_CHARACTER_SET_CLIENT */;
/*!40101 SET CHARACTER_SET_RESULTS=@OLD_CHARACTER_SET_RESULTS */;
/*!40101 SET COLLATION_CONNECTION=@OLD_COLLATION_CONNECTION */;
/*!40111 SET SQL_NOTES=@OLD_SQL_NOTES */;

-- Dump completed on 2022-12-01 17:27:00
